name,model,mode,seed,best_epoch,val_macro_f1,accuracy,macro_f1,seconds
CNN_input_s42,CNN,input,42,1,0.32645014944755396,0.3333333333333333,0.3232993490165687,12.52
CNN_output_s42,CNN,output,42,5,0.846905398329195,0.8325859491778774,0.834022154616345,14.71
CNN_both_s42,CNN,both,42,5,0.7278485652975322,0.7571001494768311,0.7568063370543974,20.18
CNN_output_half_s42,CNN,output_half,42,5,0.7655496308468247,0.7675635276532138,0.7682596882311303,34.83
CNN_plain_s42,CNN,plain,42,4,0.7300214059190123,0.7436472346786248,0.737362208735347,37.07
CNN_masked_s42,CNN,masked,42,4,0.8409830323342797,0.8258594917787743,0.8259139821207993,39.52
LSTM_input_s42,LSTM,input,42,3,0.29062147076043204,0.3333333333333333,0.2904653305442288,22.7
LSTM_output_s42,LSTM,output,42,5,0.7126707956683425,0.70254110612855,0.6857732920485674,176.1
LSTM_both_s42,LSTM,both,42,5,0.6476451049158537,0.6838565022421524,0.6850368100975363,176.09
LSTM_output_half_s42,LSTM,output_half,42,5,0.708355506904994,0.7316890881913304,0.7328082136309023,45.08
LSTM_plain_s42,LSTM,plain,42,5,0.6778379078074668,0.6689088191330343,0.6681700666310242,315.69
LSTM_masked_s42,LSTM,masked,42,5,0.7491416264535741,0.7384155455904334,0.7327401720659426,169.2
